id,As,ns,tau,AF,zc,width,Dfloor,D0,power,status,D_min,cs2_min,cs2_max,noslip_max,planck_lite,A_planck,sigma8,Omega_m0,S8,error,d_planck,d_S8
q094,2.1066431052051484e-09,0.964416259214282,0.05236659170873463,0.020776008199714122,3.8062410265207287,0.3304216894507408,0.05136804558522999,0.30006912401877345,1.1782231175154447,OK,0.05136804558523,0.01319811085624,0.6341235278961,1.1821924680009178e-07,1021.0674177372445,1.001244277543819,0.8410575889328998,0.2985059601731,0.8389606857359769,,0.11294257592885515,0.0009785264776284164
q110,2.1104431513231248e-09,0.9634791917162947,0.05187824022769928,0.021253892785310743,3.844580696225166,0.328278404250741,0.048227547813206914,0.3423461609054357,0.7542938683927058,OK,0.04822754781321,0.01576352037257,0.6754165982853,1.17154420600004e-07,1021.5314602559034,1.0023262595947515,0.8410801970815668,0.2985059601731,0.8389832375185877,,0.5769850945878261,0.0010010782602392077
q062,2.1091841489542274e-09,0.9637229254408739,0.05493854146264494,0.02189599310774356,3.9445519036054613,0.33674673177301884,0.04898598061036318,0.4004216480115429,1.1218587819486856,OK,0.04898598061036,0.01630154860227,0.6649593594283,1.182169190000297e-07,1021.567930889529,0.9993072304834076,0.8403931110523578,0.2985059601731,0.8382978645146344,,0.6134557282133528,0.00031570525628588086
q001,2.1084101914893838e-09,0.9614251651871019,0.0540893697720021,0.021413830551318826,3.918793355822563,0.3483642828464508,0.054833043601363894,0.3888579325983301,0.7674648552387953,OK,0.05483304360136,0.009758551752884,0.5940521289397,1.224575216000022e-07,1021.5951650294044,0.9998806915628747,0.8399628580007884,0.2985059601731,0.8378686841589317,,0.6406898680887707,-0.00011347509941683764
q057,2.105488712154329e-09,0.9619315215600655,0.05248901154659689,0.022336196047253905,3.990144681930542,0.369689919129014,0.05622807908430695,0.32544684563297777,0.9110481544584036,OK,0.05622807908431,0.01406321268499,0.5793135176963,1.3086760119996287e-07,1021.6645526048896,1.0007908450624083,0.8389289929154573,0.2985059601731,0.8368373966794995,,0.7100774435740504,-0.0011447625788489901
q071,2.098401241470128e-09,0.9628032944356091,0.05221937418729067,0.021893455806747078,3.913973366618156,0.32078603029251096,0.05012126235943287,0.3789451131457463,1.199371532127261,OK,0.05012126235943,0.01910059267985,0.6498975635139,1.117088242999411e-07,1021.6655510372607,0.9993897254738562,0.8380862210049341,0.2985059601731,0.8359967259462758,,0.7110758759450846,-0.001985433312072682
q034,2.1128482516855e-09,0.9652032702593133,0.05607826179638505,0.022141953198425473,3.783513394594192,0.32756732881069184,0.05457468658965081,0.3297164799179882,1.2164104119688273,OK,0.05457468658965,0.02943614675211,0.5968643765663,1.261270194000217e-07,1021.9914615166933,0.9993672558305865,0.8420565313581413,0.2985059601731,0.8399571376235992,,1.036986355377735,0.0019749783652507347
q119,2.0938806222286075e-09,0.9623872233489529,0.051379543671384455,0.022363715752400457,3.795594314932823,0.3180166006833315,0.05285869572777301,0.3686700676800683,0.7329905770719051,OK,0.05285869572777,0.008961148144354,0.6162408254527,1.2087545760001463e-07,1022.0215526176302,0.9992121511101258,0.8371683524303514,0.2985059601731,0.8350811457780682,,1.0670774563145642,-0.002901013480280268
q051,2.0852457451634107e-09,0.9622801114995964,0.04859681307151914,0.02156365687828511,4.056705726981163,0.30157787442207334,0.055101626094430686,0.30393889276776465,0.974877264201641,OK,0.05510162609443,0.01081451016572,0.5911565337802,8.958842299998729e-08,1022.3903656474652,0.999916269460117,0.8354002585483468,0.2985059601731,0.8333174600623563,,1.4358904861495603,-0.004664699195992217
q108,2.0870066951494662e-09,0.96496039941255,0.04782004893571139,0.02205302816834301,3.988337967991829,0.3595531448721886,0.051255774902179835,0.385757497837767,1.1056184700131415,OK,0.05125577490218,0.01260652471275,0.6355125124886,1.259496280000584e-07,1022.8213821219479,1.0011437961021004,0.8362322847966002,0.2985059601731,0.8341474119241196,,1.8669069606322637,-0.0038347473342289495
q011,2.0756591806653885e-09,0.9617774582337588,0.047667868983000516,0.02052293281275779,3.8128519749641416,0.3202458492666483,0.055960290823131795,0.3981109466822818,0.8390074342489242,OK,0.05596029082313,0.008292841534903,0.5820857220093,1.1100302759999361e-07,1022.9963286157642,0.998635076057201,0.834292845575642,0.2985059601731,0.8322128080632558,,2.041853454448642,-0.005769351195092698
q047,2.092719177855179e-09,0.9611487618796527,0.04745861384831369,0.022270012499578298,3.895268038511276,0.37271158017218114,0.049321727965027096,0.3743401043023914,0.7940431520342827,OK,0.04932172796503,0.0126190276283,0.6604327875684,1.3751219500005192e-07,1023.1802543046318,1.0023158547088926,0.8360814601730954,0.2985059601731,0.8339969633326955,,2.225779143316231,-0.003985195925653051
q084,2.0770356403663754e-09,0.9640706798708998,0.048758790090680126,0.021190447194315492,3.902181953191757,0.33854012317955495,0.05330770563520491,0.32285966084338724,1.2508514606952668,OK,0.0533077056352,0.01222300895419,0.6110502393508,1.179925007998607e-07,1023.3873980375057,0.9980771423457678,0.8346758385936748,0.2985059601731,0.8325948462129247,,2.432922876190105,-0.005387313045423836
q024,2.0997775030788035e-09,0.9657947596022859,0.05424657701328397,0.022204701190814375,3.8010715919733045,0.33784987181425097,0.059248495181091126,0.3102378905843943,0.7898602943867444,OK,0.05924849518109,0.02858388514716,0.5497808203917,1.3052222700002045e-07,1023.4110771269922,0.9983741029943817,0.8397258918003375,0.2985059601731,0.8376323087565305,,2.4566019656765548,-0.00034985050181801647
q097,2.107429500669241e-09,0.9607420674283058,0.056654023880138994,0.02217755186948925,4.010405011773109,0.3243891704827547,0.05895257784146815,0.3181905579473823,0.9726517579704523,OK,0.05895257784147,0.02045973644496,0.5525404906844,1.0892023629999626e-07,1024.3447654961822,0.9973688177908817,0.8391873933044938,0.2985059601731,0.8370951528313173,,3.390290334866563,-0.0008870064270312117
q107,2.0778126520104706e-09,0.9610852997149341,0.050252035714685915,0.021644368197582663,3.9563380229473113,0.34625851064920427,0.05682250127661973,0.31139687919057907,0.8964570020139218,OK,0.05682250127662,0.01406768598608,0.5732532985315,1.2043520399994574e-07,1025.2974659893835,0.9967082256431214,0.8336267114776155,0.2985059601731,0.8315483347536677,,4.342990828067855,-0.006433824504680774
q052,2.0764486273285e-09,0.9633890930600464,0.05135029061511159,0.021955617177300154,4.008617217540741,0.3348773914575577,0.04766829207818955,0.38009365085978064,1.0445793299376964,OK,0.04766829207819,0.01555162731673,0.6833407463856,1.1347569680002917e-07,1027.0721929229308,0.9953417092755196,0.8335369576640713,0.2985059601731,0.8314588047120282,,6.117717761615154,-0.006523354546320359
