id,t,H0,ob,oc,zt,Alate,Blate,status,D_min,cs2_min,cs2_max,planck_lite,A_planck,S8,sigma8,sn_pp_delta,sn_u3_delta,sn_d5_delta,sn_worst
b1000,1.0,69.45160505326464,0.02208511574370519,0.12298509428428875,16.173189924377947,0.013036667098291217,0.010544837576337158,OK,0.05569390742853,0.03318100106026,0.5860910085813,1021.1115125737658,0.9999439525450177,0.8399574420190355,0.838901779273222,-0.2789529808796942,-0.1903990260034334,-0.45328763127326965,-0.1903990260034334
b0975,0.9750000000000001,69.453098763305,0.022086329696962795,0.12297499497850525,16.17040277288668,0.012992116656953002,0.010529843144833576,OK,0.05569390742853,0.03347638297049,0.586260968846,1021.0893768670015,0.9999579799303028,0.8398351212498774,0.8388233408566391,-0.2717460892163217,-0.18418607467901893,-0.4388260096311569,-0.18418607467901893
b0950,0.9500000000000001,69.45459247334534,0.0220875436502204,0.12296489567272176,16.16761562139541,0.012947566215614787,0.010514848713329993,OK,0.05569390742853,0.03376954991955,0.5864308463651,1021.0673981361482,0.9999640772647922,0.839712850314508,0.8387449429432663,-0.2645318009890616,-0.17797020518628415,-0.42435602843761444,-0.17797020518628415
b0925,0.925,69.45608618338568,0.022088757603478004,0.12295479636693826,16.16482846990414,0.012903015774276572,0.01049985428182641,OK,0.05569390742853,0.03406259225129,0.5866006411661,1021.0422463031425,1.0000055355503727,0.8395906015918501,0.8386665579491757,-0.2573101185262203,-0.17175141822372098,-0.4098777174949646,-0.17175141822372098
b0900,0.9,69.45757989342603,0.022089971556735612,0.12294469706115477,16.162041318412868,0.012858465332938357,0.010484859850322827,OK,0.05569390742853,0.03435517800879,0.5867703532753,1021.0220329281509,0.9999910742529186,0.8394683193394775,0.8385881301929624,-0.2500810455530882,-0.16552971370401792,-0.395391047000885,-0.16552971370401792
b0875,0.875,69.45907360346638,0.022091185509993217,0.12293459775537127,16.1592541669216,0.012813914891600142,0.010469865418819245,OK,0.05569390742853,0.03464587272806,0.5869399827186,1021.0046965241975,0.9999984705443334,0.8393461370645039,0.8385097930424361,-0.24284457881003618,-0.15930509165627882,-0.38089603185653687,-0.15930509165627882
b0850,0.8500000000000001,69.46056731350673,0.022092399463250822,0.12292449844958778,16.15646701543033,0.012769364450261927,0.010454870987315661,OK,0.05569390742853,0.03493655141924,0.5871095295245,1020.974666554094,1.0000204587598893,0.8392238793687972,0.838431371279687,-0.2356007187627256,-0.153077552880859,-0.36639267951250076,-0.153077552880859
b0825,0.8250000000000001,69.46206102354708,0.022093613416508427,0.12291439914380428,16.15367986393906,0.012724814008923712,0.01043987655581208,OK,0.05569390742853,0.03522614043378,0.5872789937173,1020.9695479311811,1.0000184231216305,0.839101698218599,0.8383530167225449,-0.228349469602108,-0.14684709724679124,-0.3518809527158737,-0.14684709724679124
b0200,0.2,69.49940377455576,0.022123962247948558,0.12266191649921689,16.084001076657326,0.011611052975468338,0.010065015768222512,OK,0.05569390742853,0.04216475618606,0.5914888282689,1020.6795919392739,1.0002834875100952,0.836051442956712,0.8363954144536128,-0.04466829914599657,0.009861481172265485,0.01362086832523346,0.01362086832523346
b0150,0.15000000000000002,69.50239119463646,0.022126390154463767,0.1226417178876499,16.07842677367479,0.011521952092791908,0.010035026905215346,OK,0.05569390742853,0.04269349076509,0.5918233977883,1020.6912913777472,1.0003039000688427,0.835807773638416,0.8362389074252029,-0.02977461228147149,0.022476791273220442,0.043085917830467224,0.043085917830467224
b0225,0.225,69.49791006451542,0.022122748294690953,0.12267201580500038,16.086788228148595,0.011655603416806553,0.010080010199726094,OK,0.05569390742853,0.04189872152668,0.5913214206498,1020.6924623364708,1.0002768636225459,0.8361732272879356,0.8364736037411743,-0.05210408614948392,0.0035581908450694755,-0.0010991543531417847,0.0035581908450694755
b0175,0.17500000000000002,69.50089748459611,0.022125176201206163,0.12265181719343339,16.081213925166058,0.011566502534130123,0.010050021336718928,OK,0.05569390742853,0.04242919422262,0.5916561539729,1020.6928470302112,1.000297093235199,0.8359295989266871,0.8363171561914111,-0.03722514118999243,0.016167681344086304,0.02834922820329666,0.02834922820329666
b0300,0.30000000000000004,69.49342893439437,0.022119106434918136,0.12270231372235087,16.095149682622406,0.011789254740821197,0.010124993494236841,OK,0.05569390742853,0.04109500114674,0.5908187060355,1020.6949573616236,1.00024223761439,0.8365388039524873,0.8367083398408812,-0.074367206543684,-0.015334217707277276,-0.04520931839942932,-0.015334217707277276
b0250,0.25,69.49641635447507,0.022121534341433345,0.12268211511078388,16.089575379639864,0.011700153858144768,0.010095004631229677,OK,0.05569390742853,0.04163188982791,0.5911539310891,1020.6989368098388,1.0002630876746714,0.8362950764187007,0.8365518486009063,-0.05953249940648675,-0.0027421890845289454,-0.015810862183570862,-0.0027421890845289454
b0325,0.325,69.49193522435402,0.02211789248166053,0.12271241302813436,16.097936834113675,0.011833805182159412,0.010139987925740425,OK,0.05569390742853,0.04082576284758,0.5906509704899,1020.6990012209789,1.0002499365298778,0.8366606615875082,0.8367865654487329,-0.08177349623292685,-0.02162586485792417,-0.05989605188369751,-0.02162586485792417
b0275,0.275,69.49492264443472,0.02212032038817574,0.12269221441656737,16.092362531131133,0.011744704299482982,0.01010999906273326,OK,0.05569390742853,0.0413642251453,0.5909863595599,1020.7032244041349,1.0002556595760466,0.8364169397394015,0.8366300984013327,-0.06695354031398892,-0.009039658849360421,-0.030514247715473175,-0.009039658849360421
